run,mean_ic,ic_std,ir,t_stat,n_active_years,mean_gross_sharpe,decile_monotonic
elastic_net_standardize_ablation__a_baseline__1d,0.012390004199599146,0.007626126313085482,1.6246785970931854,4.874035791279557,9,0.58296391688752,False
elastic_net__b_baseline_interactions__1d,0.01094182927312639,0.007891418008425298,1.3865479260437492,4.159643778131247,9,0.3273265898887869,False
elastic_net__a_baseline__1d,0.010246901188140468,0.008570863106759788,1.1955506768109267,3.3815279633006914,8,0.12823068464768375,False
elastic_net_rank_ablation__a_baseline__1d,0.010246901188140468,0.008570863106759788,1.1955506768109267,3.3815279633006914,8,0.12823068464768375,False
elastic_net__d_full_pool__1d,0.008099827894803359,0.006412298476879263,1.2631707528913068,3.994496652846252,10,0.8348344544686276,False
elastic_net_rank_ablation__d_full_pool__1d,0.008099827894803359,0.006412298476879263,1.2631707528913068,3.994496652846252,10,0.8348344544686276,False
elastic_net__c_pruned__1d,0.007892017669767359,0.006473289969142147,1.2191664064777288,3.8553426912322837,10,0.8524421314004578,False
elastic_net_rank_ablation__c_pruned__1d,0.007892017669767359,0.006473289969142147,1.2191664064777288,3.8553426912322837,10,0.8524421314004578,False
elastic_net__b_baseline_interactions__5d,0.005246280230137847,0.013464508186721843,0.38963771698037347,1.1020618875314676,8,-0.09448319669994092,False
elastic_net__a_baseline__5d,0.005211593389962311,0.013530895381496787,0.3851624924311406,1.0894040410270873,8,-0.15433519842233823,False
elastic_net__d_full_pool__5d,0.0041706641573862075,0.006293359312956322,0.6627087299464913,1.988126189839474,9,0.07135092976973217,False
elastic_net__c_pruned__5d,0.004149715754692857,0.006840474462780976,0.6066415096308687,1.918368893636517,10,0.11254251440527947,False
xgboost__c_pruned__5d,0.0032921116835630255,0.014661572886922698,0.22454014374538253,0.8095910016740314,13,0.6961824000543687,False
xgboost__c_pruned__1d,0.0029628303202182136,0.00703408122986785,0.42121070590392895,1.5186967979109982,13,0.5519547019564769,False
xgboost__d_full_pool__1d,0.002929510935415966,0.006635133031055857,0.44151502640630386,1.5919050665957657,13,0.7238129880317719,False
xgboost__d_full_pool__5d,0.0022699000037286433,0.014833597579659923,0.15302424051473312,0.5517367455648042,13,0.645958464208256,False
elastic_net_standardize_ablation__d_full_pool__1d,0.0016353260634664859,0.00959750273486269,0.17039078900454016,0.5111723670136205,9,0.19690051051768204,False
elastic_net_standardize_ablation__c_pruned__1d,0.0010459138483446188,0.010330743912510801,0.10124283954788481,0.3037285186436544,9,0.16212384658773304,False
