window,run,years_covered,n_years,mean_ic,mean_gross_sharpe
2008_gfc,elastic_net__a_baseline__1d,[],0,,
2020_covid,elastic_net__a_baseline__1d,[2020],1,,
2022_rate_hikes,elastic_net__a_baseline__1d,[2022],1,,
2025_tariffs,elastic_net__a_baseline__1d,[2025],1,0.022342616836866683,0.5063307437633706
2008_gfc,elastic_net__a_baseline__5d,[],0,,
2020_covid,elastic_net__a_baseline__5d,[2020],1,,
2022_rate_hikes,elastic_net__a_baseline__5d,[2022],1,,
2025_tariffs,elastic_net__a_baseline__5d,[2025],1,0.015995604965578863,0.5657589905467082
2008_gfc,elastic_net__b_baseline_interactions__1d,[],0,,
2020_covid,elastic_net__b_baseline_interactions__1d,[2020],1,,
2022_rate_hikes,elastic_net__b_baseline_interactions__1d,[2022],1,,
2025_tariffs,elastic_net__b_baseline_interactions__1d,[2025],1,0.022074243382729477,0.545089726953472
2008_gfc,elastic_net__b_baseline_interactions__5d,[],0,,
2020_covid,elastic_net__b_baseline_interactions__5d,[2020],1,,
2022_rate_hikes,elastic_net__b_baseline_interactions__5d,[2022],1,,
2025_tariffs,elastic_net__b_baseline_interactions__5d,[2025],1,0.016145126516256356,0.4773340289372418
2008_gfc,elastic_net__c_pruned__1d,[],0,,
2020_covid,elastic_net__c_pruned__1d,[2020],1,0.009604730224703336,0.7229096197688606
2022_rate_hikes,elastic_net__c_pruned__1d,[2022],1,,
2025_tariffs,elastic_net__c_pruned__1d,[2025],1,0.008242570985390888,0.2506933243878226
2008_gfc,elastic_net__c_pruned__5d,[],0,,
2020_covid,elastic_net__c_pruned__5d,[2020],1,0.005270283311151876,0.5103107344901543
2022_rate_hikes,elastic_net__c_pruned__5d,[2022],1,0.011088608747568186,0.20779729525489454
2025_tariffs,elastic_net__c_pruned__5d,[2025],1,0.005397556382524619,0.23546894050360603
2008_gfc,elastic_net__d_full_pool__1d,[],0,,
2020_covid,elastic_net__d_full_pool__1d,[2020],1,0.009820251773350684,0.7412144916599128
2022_rate_hikes,elastic_net__d_full_pool__1d,[2022],1,,
2025_tariffs,elastic_net__d_full_pool__1d,[2025],1,0.009378222016327676,0.3353842671725183
2008_gfc,elastic_net__d_full_pool__5d,[],0,,
2020_covid,elastic_net__d_full_pool__5d,[2020],1,0.010785838209767803,0.6249647337732933
2022_rate_hikes,elastic_net__d_full_pool__5d,[2022],1,,
2025_tariffs,elastic_net__d_full_pool__5d,[2025],1,0.008588189800414142,0.1437666201182214
2008_gfc,xgboost__c_pruned__1d,[],0,,
2020_covid,xgboost__c_pruned__1d,[2020],1,0.017180181112488948,0.4285899425094926
2022_rate_hikes,xgboost__c_pruned__1d,[2022],1,-0.003771596087605556,0.9527863018539813
2025_tariffs,xgboost__c_pruned__1d,[2025],1,0.009518482474398952,1.2564236609885937
2008_gfc,xgboost__c_pruned__5d,[],0,,
2020_covid,xgboost__c_pruned__5d,[2020],1,0.01746855640118997,0.6161137911830111
2022_rate_hikes,xgboost__c_pruned__5d,[2022],1,-0.027299639661128892,-0.7225554155822528
2025_tariffs,xgboost__c_pruned__5d,[2025],1,0.012170418883255709,0.7617166861180713
2008_gfc,xgboost__d_full_pool__1d,[],0,,
2020_covid,xgboost__d_full_pool__1d,[2020],1,0.017109397743763733,0.5646300907898567
2022_rate_hikes,xgboost__d_full_pool__1d,[2022],1,-0.0009680327826593896,0.5421279471725506
2025_tariffs,xgboost__d_full_pool__1d,[2025],1,0.009964484039296255,1.7137206088689507
2008_gfc,xgboost__d_full_pool__5d,[],0,,
2020_covid,xgboost__d_full_pool__5d,[2020],1,0.01750517499706231,0.6960774953363456
2022_rate_hikes,xgboost__d_full_pool__5d,[2022],1,-0.027299639661128892,-0.7225554155822528
2025_tariffs,xgboost__d_full_pool__5d,[2025],1,0.014664932783798717,0.3460649984811225
2008_gfc,elastic_net_rank_ablation__a_baseline__1d,[],0,,
2020_covid,elastic_net_rank_ablation__a_baseline__1d,[2020],1,,
2022_rate_hikes,elastic_net_rank_ablation__a_baseline__1d,[2022],1,,
2025_tariffs,elastic_net_rank_ablation__a_baseline__1d,[2025],1,0.022342616836866683,0.5063307437633706
2008_gfc,elastic_net_rank_ablation__c_pruned__1d,[],0,,
2020_covid,elastic_net_rank_ablation__c_pruned__1d,[2020],1,0.009604730224703336,0.7229096197688606
2022_rate_hikes,elastic_net_rank_ablation__c_pruned__1d,[2022],1,,
2025_tariffs,elastic_net_rank_ablation__c_pruned__1d,[2025],1,0.008242570985390888,0.2506933243878226
2008_gfc,elastic_net_rank_ablation__d_full_pool__1d,[],0,,
2020_covid,elastic_net_rank_ablation__d_full_pool__1d,[2020],1,0.009820251773350684,0.7412144916599128
2022_rate_hikes,elastic_net_rank_ablation__d_full_pool__1d,[2022],1,,
2025_tariffs,elastic_net_rank_ablation__d_full_pool__1d,[2025],1,0.009378222016327676,0.3353842671725183
2008_gfc,elastic_net_standardize_ablation__a_baseline__1d,[],0,,
2020_covid,elastic_net_standardize_ablation__a_baseline__1d,[2020],1,0.020110725833383792,1.2155157509551204
2022_rate_hikes,elastic_net_standardize_ablation__a_baseline__1d,[2022],1,0.00438157061330404,-1.1268376056425682
2025_tariffs,elastic_net_standardize_ablation__a_baseline__1d,[2025],1,0.014118333768562601,0.5112386051874543
2008_gfc,elastic_net_standardize_ablation__c_pruned__1d,[],0,,
2020_covid,elastic_net_standardize_ablation__c_pruned__1d,[2020],1,-0.0029668931647067625,0.3355797975483332
2022_rate_hikes,elastic_net_standardize_ablation__c_pruned__1d,[2022],1,-0.012592840906795029,-0.6122498111336274
2025_tariffs,elastic_net_standardize_ablation__c_pruned__1d,[2025],1,,
2008_gfc,elastic_net_standardize_ablation__d_full_pool__1d,[],0,,
2020_covid,elastic_net_standardize_ablation__d_full_pool__1d,[2020],1,-0.0029668931647067625,0.3355797975483332
2022_rate_hikes,elastic_net_standardize_ablation__d_full_pool__1d,[2022],1,-0.007230743340451251,-0.38809589698268737
2025_tariffs,elastic_net_standardize_ablation__d_full_pool__1d,[2025],1,,
