horizon,feature,test_year,coefficient
1,hl_range,2013,0.0
1,hl_range,2014,-2.7689027095125028e-05
1,hl_range,2015,-0.0001737238205442876
1,hl_range,2016,-0.0002720746176857178
1,hl_range,2017,-0.0001108961818250639
1,hl_range,2018,-8.674727523924271e-05
1,hl_range,2019,-0.00016249981512985321
1,hl_range,2020,-7.706746476034392e-05
1,hl_range,2021,-0.00027355863031081664
1,hl_range,2022,0.0
1,hl_range,2023,-0.0002076221279770816
1,hl_range,2024,0.0
1,hl_range,2025,-0.00010050436789619728
1,alpha_073,2013,0.0
1,alpha_073,2014,9.224477667442438e-05
1,alpha_073,2015,0.00011447748192434232
1,alpha_073,2016,0.00014535372940410767
1,alpha_073,2017,5.403650443266174e-05
1,alpha_073,2018,4.6743775085694225e-05
1,alpha_073,2019,8.484625029430592e-05
1,alpha_073,2020,3.4566306240577365e-05
1,alpha_073,2021,0.000169799540142884
1,alpha_073,2022,0.0
1,alpha_073,2023,0.00010265264438004674
1,alpha_073,2024,0.0
1,alpha_073,2025,9.096286239291118e-05
1,alpha_042,2013,0.0
1,alpha_042,2014,3.6573234312780784e-05
1,alpha_042,2015,8.30435523789352e-05
1,alpha_042,2016,0.00011878345928891334
1,alpha_042,2017,8.426882073930067e-05
1,alpha_042,2018,6.968857604297356e-05
1,alpha_042,2019,9.435615731460313e-05
1,alpha_042,2020,4.4521424007845615e-05
1,alpha_042,2021,0.0001718300372672127
1,alpha_042,2022,0.0
1,alpha_042,2023,0.00014556392765206595
1,alpha_042,2024,0.0
1,alpha_042,2025,7.891706478105536e-05
1,alpha_101,2013,0.0
1,alpha_101,2014,0.0
1,alpha_101,2015,0.0
1,alpha_101,2016,0.00016640899605303448
1,alpha_101,2017,0.0
1,alpha_101,2018,0.0
1,alpha_101,2019,0.0
1,alpha_101,2020,0.0
1,alpha_101,2021,0.00033782768435411555
1,alpha_101,2022,0.0
1,alpha_101,2023,0.0002562072504612661
1,alpha_101,2024,0.0
1,alpha_101,2025,0.00015865744242885224
1,alpha_054,2013,0.0
1,alpha_054,2014,0.0
1,alpha_054,2015,0.0
1,alpha_054,2016,0.00014134917253517867
1,alpha_054,2017,0.0
1,alpha_054,2018,0.0
1,alpha_054,2019,0.0
1,alpha_054,2020,0.0
1,alpha_054,2021,0.00028259932574116654
1,alpha_054,2022,0.0
1,alpha_054,2023,0.00025941903153689125
1,alpha_054,2024,0.0
1,alpha_054,2025,0.00016225274264458788
1,alpha_019,2013,0.0
1,alpha_019,2014,7.001488098464721e-05
1,alpha_019,2015,3.7065742969864313e-05
1,alpha_019,2016,0.0001096373689482877
1,alpha_019,2017,7.19279459687694e-05
1,alpha_019,2018,6.306185332942876e-05
1,alpha_019,2019,3.306717493184688e-05
1,alpha_019,2020,4.209634144057848e-05
1,alpha_019,2021,0.00024238071849845585
1,alpha_019,2022,0.0
1,alpha_019,2023,3.55145165571202e-05
1,alpha_019,2024,0.0
1,alpha_019,2025,2.9321553521458875e-05
1,alpha_010,2013,0.0
1,alpha_010,2014,-9.751405616680547e-05
1,alpha_010,2015,-0.00014453537051552207
1,alpha_010,2016,-0.00012640131812503383
1,alpha_010,2017,-0.0
1,alpha_010,2018,-0.0
1,alpha_010,2019,-0.0
1,alpha_010,2020,-0.0
1,alpha_010,2021,-0.0001036933993259709
1,alpha_010,2022,0.0
1,alpha_010,2023,-7.203522018535003e-05
1,alpha_010,2024,0.0
1,alpha_010,2025,-1.342662694868063e-05
1,alpha_035,2013,0.0
1,alpha_035,2014,6.579276944949999e-05
1,alpha_035,2015,5.201441928672861e-05
1,alpha_035,2016,0.000108242166091441
1,alpha_035,2017,2.903006989034533e-05
1,alpha_035,2018,2.8994555829618386e-05
1,alpha_035,2019,5.150723099403418e-05
1,alpha_035,2020,6.635202797612754e-05
1,alpha_035,2021,4.911410748222624e-05
1,alpha_035,2022,0.0
1,alpha_035,2023,5.077131142602723e-05
1,alpha_035,2024,0.0
1,alpha_035,2025,4.664300192656053e-05
1,alpha_011,2013,0.0
1,alpha_011,2014,2.1137465384806436e-06
1,alpha_011,2015,5.170660939098985e-05
1,alpha_011,2016,0.00011344617743204426
1,alpha_011,2017,7.389540022077905e-05
1,alpha_011,2018,4.221602383042965e-05
1,alpha_011,2019,5.205186061771167e-05
1,alpha_011,2020,0.0
1,alpha_011,2021,9.121423420562057e-05
1,alpha_011,2022,0.0
1,alpha_011,2023,2.4455170989628796e-05
1,alpha_011,2024,0.0
1,alpha_011,2025,1.3650370803139609e-05
1,alpha_069,2013,0.0
1,alpha_069,2014,0.0
1,alpha_069,2015,6.387870912361924e-05
1,alpha_069,2016,6.39251404907798e-05
1,alpha_069,2017,0.0
1,alpha_069,2018,1.7034069646602538e-05
1,alpha_069,2019,4.3538423098159036e-05
1,alpha_069,2020,0.0
1,alpha_069,2021,9.662237857288262e-05
1,alpha_069,2022,0.0
1,alpha_069,2023,7.005279982305436e-05
1,alpha_069,2024,0.0
1,alpha_069,2025,4.863274167794068e-05
1,alpha_032,2013,0.0
1,alpha_032,2014,0.0
1,alpha_032,2015,0.0
1,alpha_032,2016,0.0
1,alpha_032,2017,0.0
1,alpha_032,2018,0.0
1,alpha_032,2019,0.0
1,alpha_032,2020,0.0
1,alpha_032,2021,0.00014869155034503054
1,alpha_032,2022,0.0
1,alpha_032,2023,0.00010236548330598237
1,alpha_032,2024,0.0
1,alpha_032,2025,6.761645466816203e-05
1,alpha_007,2013,0.0
1,alpha_007,2014,-0.0
1,alpha_007,2015,-0.0
1,alpha_007,2016,-0.0
1,alpha_007,2017,0.0
1,alpha_007,2018,0.0
1,alpha_007,2019,0.0
1,alpha_007,2020,0.0
1,alpha_007,2021,0.0003005729929535299
1,alpha_007,2022,0.0
1,alpha_007,2023,0.0
1,alpha_007,2024,0.0
1,alpha_007,2025,0.0
5,alpha_042,2013,0.0
5,alpha_042,2014,0.0005319706463953768
5,alpha_042,2015,0.0003725987716030403
5,alpha_042,2016,0.0007466420458116898
5,alpha_042,2017,0.0005203357083960778
5,alpha_042,2018,0.0
5,alpha_042,2019,0.0005797174615137045
5,alpha_042,2020,0.00012525214804340874
5,alpha_042,2021,0.0006581053381702666
5,alpha_042,2022,0.0004056378300247784
5,alpha_042,2023,0.0010845734347733327
5,alpha_042,2024,0.0
5,alpha_042,2025,0.0009314206374455218
5,dist_52wk_high,2013,0.0
5,dist_52wk_high,2014,0.0
5,dist_52wk_high,2015,0.0
5,dist_52wk_high,2016,0.0007018932597742975
5,dist_52wk_high,2017,0.0
5,dist_52wk_high,2018,0.0
5,dist_52wk_high,2019,0.00013849847266214456
5,dist_52wk_high,2020,0.0
5,dist_52wk_high,2021,0.0005993136950929759
5,dist_52wk_high,2022,0.0
5,dist_52wk_high,2023,0.0009564238573060114
5,dist_52wk_high,2024,0.0
5,dist_52wk_high,2025,0.000885428209337705
5,alpha_004,2013,0.0
5,alpha_004,2014,0.0004591718032366591
5,alpha_004,2015,0.00016982802369072615
5,alpha_004,2016,0.0004984391597270788
5,alpha_004,2017,0.0
5,alpha_004,2018,0.0
5,alpha_004,2019,0.00021106895067289863
5,alpha_004,2020,0.0
5,alpha_004,2021,0.0002561514434938098
5,alpha_004,2022,0.00025978251630654294
5,alpha_004,2023,0.0007283740057964597
5,alpha_004,2024,0.0
5,alpha_004,2025,0.0005501269034743892
5,alpha_007,2013,0.0
5,alpha_007,2014,-0.0
5,alpha_007,2015,-0.0
5,alpha_007,2016,0.0
5,alpha_007,2017,0.0
5,alpha_007,2018,0.0
5,alpha_007,2019,0.0
5,alpha_007,2020,0.0
5,alpha_007,2021,0.0
5,alpha_007,2022,0.0
5,alpha_007,2023,0.0027240932287537546
5,alpha_007,2024,0.0
5,alpha_007,2025,0.0
5,alpha_037,2013,0.0
5,alpha_037,2014,0.0
5,alpha_037,2015,0.0
5,alpha_037,2016,-0.0
5,alpha_037,2017,0.0
5,alpha_037,2018,0.0
5,alpha_037,2019,-0.0
5,alpha_037,2020,0.0
5,alpha_037,2021,-0.0007398763562798184
5,alpha_037,2022,-0.0
5,alpha_037,2023,-0.0010050489227991317
5,alpha_037,2024,0.0
5,alpha_037,2025,-0.0007204388581298161
5,alpha_032,2013,0.0
5,alpha_032,2014,0.0
5,alpha_032,2015,0.0
5,alpha_032,2016,-0.0
5,alpha_032,2017,0.0
5,alpha_032,2018,0.0
5,alpha_032,2019,0.0
5,alpha_032,2020,0.0
5,alpha_032,2021,0.0006490271811932091
5,alpha_032,2022,1.6551817669345248e-05
5,alpha_032,2023,0.0009021656986593158
5,alpha_032,2024,0.0
5,alpha_032,2025,0.0008468785885832501
5,alpha_094,2013,0.0
5,alpha_094,2014,0.00019902098395102252
5,alpha_094,2015,0.00020830162282484705
5,alpha_094,2016,8.030921781641981e-05
5,alpha_094,2017,0.00024449256810927806
5,alpha_094,2018,0.0
5,alpha_094,2019,0.00015169801787213693
5,alpha_094,2020,0.00012386161670536298
5,alpha_094,2021,-2.7711845490387517e-05
5,alpha_094,2022,0.0
5,alpha_094,2023,-0.000269024571658359
5,alpha_094,2024,0.0
5,alpha_094,2025,-0.00030717340964321886
5,alpha_073,2013,0.0
5,alpha_073,2014,8.308201702190395e-05
5,alpha_073,2015,2.742627588711823e-05
5,alpha_073,2016,0.0003155273335935605
5,alpha_073,2017,6.523118249787631e-05
5,alpha_073,2018,0.0
5,alpha_073,2019,0.00020241828917979193
5,alpha_073,2020,0.0
5,alpha_073,2021,0.00020002882093805169
5,alpha_073,2022,0.0
5,alpha_073,2023,0.00021351441013450905
5,alpha_073,2024,0.0
5,alpha_073,2025,0.0002718270715444146
5,alpha_019,2013,0.0
5,alpha_019,2014,2.1964215700269696e-05
5,alpha_019,2015,0.0
5,alpha_019,2016,0.0
5,alpha_019,2017,0.0
5,alpha_019,2018,0.0
5,alpha_019,2019,7.336144890324223e-05
5,alpha_019,2020,0.0
5,alpha_019,2021,0.00045686440726334894
5,alpha_019,2022,0.000111315724803252
5,alpha_019,2023,0.0002771629329333529
5,alpha_019,2024,0.0
5,alpha_019,2025,0.00038144910391060995
5,alpha_083,2013,0.0
5,alpha_083,2014,0.0
5,alpha_083,2015,0.0
5,alpha_083,2016,3.562949320833141e-05
5,alpha_083,2017,0.0
5,alpha_083,2018,0.0
5,alpha_083,2019,0.0
5,alpha_083,2020,0.0
5,alpha_083,2021,0.0003196212429401154
5,alpha_083,2022,0.0
5,alpha_083,2023,0.0004880303586858881
5,alpha_083,2024,0.0
5,alpha_083,2025,0.0004640410961922725
5,alpha_052,2013,0.0
5,alpha_052,2014,0.0
5,alpha_052,2015,0.0
5,alpha_052,2016,-0.0
5,alpha_052,2017,0.0
5,alpha_052,2018,0.0
5,alpha_052,2019,0.0
5,alpha_052,2020,0.0
5,alpha_052,2021,0.0002580102082831859
5,alpha_052,2022,0.0
5,alpha_052,2023,0.00042294435704188924
5,alpha_052,2024,0.0
5,alpha_052,2025,0.0004659615769642222
5,ret_21d,2013,0.0
5,ret_21d,2014,-0.0
5,ret_21d,2015,-0.0
5,ret_21d,2016,-0.0
5,ret_21d,2017,-0.0
5,ret_21d,2018,0.0
5,ret_21d,2019,-3.789517342623213e-05
5,ret_21d,2020,-0.0
5,ret_21d,2021,-0.0003463504153796938
5,ret_21d,2022,-0.0
5,ret_21d,2023,-0.0004560655995684915
5,ret_21d,2024,0.0
5,ret_21d,2025,-0.0003049265934376907
