config,horizon,decile,mean_return,se_across_years,n_years
a_baseline,1,1,0.0003667020979759859,0.0002463083610266773,8
a_baseline,1,2,0.0004008934174222491,0.00017155393981124124,8
a_baseline,1,3,0.0003465191765761491,0.00019959028638616845,8
a_baseline,1,4,0.00036667404101965885,0.00016514813350950233,8
a_baseline,1,5,0.00045147817207706034,0.00017971363302572322,8
a_baseline,1,6,0.0004598615250970847,0.00015133083749871058,8
a_baseline,1,7,0.00045784329963029154,0.00017775741315931428,8
a_baseline,1,8,0.0004911520747918532,0.00014909926638343,8
a_baseline,1,9,0.000548697520341626,0.00013114571348528164,8
a_baseline,1,10,0.0004215813562092308,0.00016254635172277958,8
a_baseline,5,1,0.0023335881628813245,0.0013640556091199841,8
a_baseline,5,2,0.002540534260029806,0.0010608849876714707,8
a_baseline,5,3,0.0023216523060035437,0.000912803795782554,8
a_baseline,5,4,0.0024808080031610653,0.0009625725057542541,8
a_baseline,5,5,0.0023020152910325845,0.0007545771921014982,8
a_baseline,5,6,0.002235980200020525,0.0008297199047448558,8
a_baseline,5,7,0.0022719866809540823,0.0008684702275501259,8
a_baseline,5,8,0.0022120537777153525,0.0006039922341899004,8
a_baseline,5,9,0.002586127028435931,0.0006345312499155793,8
a_baseline,5,10,0.0019545354350400997,0.0007973472507859315,8
b_baseline_interactions,1,1,0.00041163087474636753,0.00023099891493490467,9
b_baseline_interactions,1,2,0.0003746606011783846,0.00019843204654693624,9
b_baseline_interactions,1,3,0.0004930235756713873,0.00019286869190542075,9
b_baseline_interactions,1,4,0.00041878863319546575,0.00020949964571535394,9
b_baseline_interactions,1,5,0.0005362463435090997,0.0001923220519940671,9
b_baseline_interactions,1,6,0.000619715024420647,0.00017158432731977666,9
b_baseline_interactions,1,7,0.0005929824297455921,0.00014447997425018152,9
b_baseline_interactions,1,8,0.0006371360831589665,0.00012172928773739089,9
b_baseline_interactions,1,9,0.0005994334068417147,0.0001120848289070871,9
b_baseline_interactions,1,10,0.0004934645108149226,0.00020410486227651192,9
b_baseline_interactions,5,1,0.002252688780821038,0.0013277657414009257,8
b_baseline_interactions,5,2,0.002688058109195455,0.00115484456392317,8
b_baseline_interactions,5,3,0.0021699371908774343,0.000838531775361411,8
b_baseline_interactions,5,4,0.002537258009190969,0.000852481720631518,8
b_baseline_interactions,5,5,0.0024328392649435467,0.000912657044130887,8
b_baseline_interactions,5,6,0.0022124271917989846,0.0008250039922481057,8
b_baseline_interactions,5,7,0.002182703157386618,0.0008172463832181109,8
b_baseline_interactions,5,8,0.002370830445668211,0.0007075341818540465,8
b_baseline_interactions,5,9,0.0023143662624945517,0.0005479114055946735,8
b_baseline_interactions,5,10,0.002081537729456049,0.0008135865730033744,8
c_pruned,1,1,0.00035718962190990877,0.00018629508556922554,10
c_pruned,1,2,0.00042188348042945095,0.00015006064456484007,10
c_pruned,1,3,0.0004427934157904286,0.00014311515549664448,10
c_pruned,1,4,0.0005094658803007486,0.00015522586203541619,10
c_pruned,1,5,0.00046871519871776916,0.0001272533959178017,10
c_pruned,1,6,0.0004944971913758068,0.00014070209602674697,10
c_pruned,1,7,0.0005567781570821678,0.000159205415324587,10
c_pruned,1,8,0.0005968105018219616,0.00016111698841993042,10
c_pruned,1,9,0.0007140964094088613,0.00016218302007723609,10
c_pruned,1,10,0.0006682217109276813,0.00015855378425263728,10
c_pruned,5,1,0.002233756353407849,0.0008757988676913203,10
c_pruned,5,2,0.0022425786105303453,0.00095835183787812,10
c_pruned,5,3,0.0024518324537087226,0.0007647814462983459,10
c_pruned,5,4,0.0028057051315295454,0.0007987427014374752,10
c_pruned,5,5,0.002398896032682909,0.0007696643897239898,10
c_pruned,5,6,0.002663162439192216,0.0008953657004609739,10
c_pruned,5,7,0.0026764613660141914,0.0008543112604422431,10
c_pruned,5,8,0.0028425804831209147,0.0009741939872464012,10
c_pruned,5,9,0.002597846782086911,0.0008944375028324117,10
c_pruned,5,10,0.0025870132383323543,0.0008626876307416137,10
d_full_pool,1,1,0.0003538757978463447,0.0001890029079757631,10
d_full_pool,1,2,0.0004192340685204471,0.0001495244105633475,10
d_full_pool,1,3,0.00046491052582014255,0.00014850633697605586,10
d_full_pool,1,4,0.0004627482103421299,0.00015340697960758337,10
d_full_pool,1,5,0.0004728877736101856,0.00012452648153771974,10
d_full_pool,1,6,0.0005247334280563266,0.00014963031125517383,10
d_full_pool,1,7,0.0005544067180179857,0.00014698661528015952,10
d_full_pool,1,8,0.0006144258639720129,0.0001636823982914288,10
d_full_pool,1,9,0.0007060734640161903,0.00016156366947866257,10
d_full_pool,1,10,0.0006570883654294926,0.00015938002800604573,10
d_full_pool,5,1,0.0028915227958066373,0.0006854278471334151,9
d_full_pool,5,2,0.00299262193409096,0.0005520199281687496,9
d_full_pool,5,3,0.00320242255783541,0.0005477805628029727,9
d_full_pool,5,4,0.0030505388866233856,0.0004329270675241899,9
d_full_pool,5,5,0.0030261052261947984,0.0005233175988665746,9
d_full_pool,5,6,0.0033985015187505134,0.0005129420305956201,9
d_full_pool,5,7,0.003534164003710142,0.0006691794091591863,9
d_full_pool,5,8,0.0036131637469040395,0.0006997500311840686,9
d_full_pool,5,9,0.003296840957749793,0.0006533371549943996,9
d_full_pool,5,10,0.0032211562725174506,0.0006761706330296132,9
