config,horizon,offset,gross_sharpe,mean_long_short_bps_100pct_gross,n_formations
a_baseline,1,0,0.07756531431239219,0.2714449954534005,2003
a_baseline,5,0,-0.11689188122055894,-1.9003052403065757,398
a_baseline,5,1,0.15782240013474247,2.8107331132869167,397
a_baseline,5,2,-0.004988838488434245,-0.08074841608869278,392
a_baseline,5,3,0.06098660841174116,1.0181577317041242,392
a_baseline,5,4,-0.15135480361638554,-2.5148943514826887,392
b_baseline_interactions,1,0,0.12922131776359097,0.4077955329786518,2254
b_baseline_interactions,5,0,-0.05350783892091356,-0.8549879257920057,398
b_baseline_interactions,5,1,0.1938071133041801,3.3863546807295695,397
b_baseline_interactions,5,2,-0.027357511255545475,-0.4369335049997169,392
b_baseline_interactions,5,3,0.06593742584580305,1.0594419782428055,392
b_baseline_interactions,5,4,-0.16425704195916072,-2.675606791243699,392
c_pruned,1,0,0.6276283977029767,1.558868629032059,2505
c_pruned,5,0,0.11814002033101337,1.7779667158180208,498
c_pruned,5,1,0.1302873009961626,1.992783559088131,496
c_pruned,5,2,0.4546735595697568,8.626878829006865,491
c_pruned,5,3,0.721841024112097,11.859131456549573,490
c_pruned,5,4,0.3794321236590827,5.713273454928144,490
d_full_pool,1,0,0.6076597318953002,1.5197052936257336,2505
d_full_pool,5,0,0.10795159495806995,1.6684356628090111,448
d_full_pool,5,1,0.4010323760864828,6.636008561478189,447
d_full_pool,5,2,0.2782900179994309,6.081037107877664,442
d_full_pool,5,3,0.6429555113856793,10.952657241627728,441
d_full_pool,5,4,0.34364433149368495,5.492441071493286,441
