config,horizon,test_year,ic,gross_sharpe
a_baseline,1,2020,,
a_baseline,1,2022,,
a_baseline,1,2025,0.022342616836866683,0.5063307437633706
a_baseline,5,2020,,
a_baseline,5,2022,,
a_baseline,5,2025,0.015995604965578863,0.5657589905467082
b_baseline_interactions,1,2020,,
b_baseline_interactions,1,2022,,
b_baseline_interactions,1,2025,0.022074243382729477,0.545089726953472
b_baseline_interactions,5,2020,,
b_baseline_interactions,5,2022,,
b_baseline_interactions,5,2025,0.016145126516256356,0.4773340289372418
c_pruned,1,2020,0.009604730224703336,0.7229096197688606
c_pruned,1,2022,,
c_pruned,1,2025,0.008242570985390888,0.2506933243878226
c_pruned,5,2020,0.005270283311151876,0.5103107344901543
c_pruned,5,2022,0.011088608747568186,0.20779729525489454
c_pruned,5,2025,0.005397556382524619,0.23546894050360603
d_full_pool,1,2020,0.009820251773350684,0.7412144916599128
d_full_pool,1,2022,,
d_full_pool,1,2025,0.009378222016327676,0.3353842671725183
d_full_pool,5,2020,0.010785838209767803,0.6249647337732933
d_full_pool,5,2022,,
d_full_pool,5,2025,0.008588189800414142,0.1437666201182214
