test_year,alpha,l1_ratio,val_mse,horizon,n_nonzero
2013,0.0014105220840380129,0.1,0.0003875422021688881,1,0
2014,0.0003893547003505707,0.1,0.0002903995352388183,1,16
2015,0.00024354360494777455,0.1,0.0003126214673767519,1,18
2016,9.012851961967376e-05,0.1,0.0003917664962380309,1,49
2017,0.0003429571281983358,0.1,0.0004387190848588183,1,10
2018,3.8294970749083456e-05,1.0,0.00026824236469102046,1,8
2019,0.00019470766820634374,0.1,0.0004241795976566234,1,19
2020,0.0003860599201898803,0.1,0.00040588649054123366,1,6
2021,7.098720103070134e-09,1.0,0.0014719170989336264,1,85
2022,0.0009103876748780687,0.1,0.0006745903949651907,1,0
2023,8.558431609277376e-06,1.0,0.0008707838014681868,1,40
2024,0.000741712064546024,0.1,0.0005109631681619297,1,0
2025,0.00014661161514121831,0.1,0.000515956867206817,1,25
2013,0.005024521705576232,0.1,0.001917361046076527,5,0
2014,0.00015979743807567,1.0,0.0014166651125316178,5,10
2015,0.0021750119026998052,0.1,0.0015756572925132181,5,4
2016,0.0005646525571736613,0.1,0.001882461344113037,5,26
2017,0.0001816512355227079,1.0,0.002166022568924972,5,4
2018,0.0013361247504498958,0.3,0.001284359132618297,5,0
2019,0.0007143022812306498,0.1,0.002129314064877796,5,19
2020,0.00021478835677925855,1.0,0.001968570402520975,5,2
2021,0.00021513729434706645,0.1,0.006938947706129391,5,46
2022,0.00017145441462535838,1.0,0.0032724013232266944,5,5
2023,3.3302150293808086e-08,1.0,0.004221807710477885,5,85
2024,0.0034794285446169415,0.1,0.002510171746273062,5,0
2025,1.398619108793428e-05,0.1,0.002605618251977618,5,83
