config,horizon,test_year,ic,n_nonzero
a_baseline,1,2013,,0
a_baseline,1,2014,0.008272832722784477,3
a_baseline,1,2015,0.01363269322359515,3
a_baseline,1,2016,-0.006631554452698753,3
a_baseline,1,2017,,0
a_baseline,1,2018,0.014357783283195459,3
a_baseline,1,2019,0.01514597805186607,3
a_baseline,1,2020,,0
a_baseline,1,2021,0.005096166025083215,3
a_baseline,1,2022,,0
a_baseline,1,2023,0.009758693814431434,2
a_baseline,1,2024,,0
a_baseline,1,2025,0.022342616836866683,3
a_baseline,5,2013,,0
a_baseline,5,2014,0.008620069279481668,3
a_baseline,5,2015,0.001789403480724869,1
a_baseline,5,2016,-0.02055542139488908,3
a_baseline,5,2017,,0
a_baseline,5,2018,0.0255073121277546,3
a_baseline,5,2019,0.007458531094519139,3
a_baseline,5,2020,,0
a_baseline,5,2021,0.005475784486475483,3
a_baseline,5,2022,,0
a_baseline,5,2023,-0.00259853691994705,3
a_baseline,5,2024,,0
a_baseline,5,2025,0.015995604965578863,3
b_baseline_interactions,1,2013,0.005679161672938736,2
b_baseline_interactions,1,2014,0.01076779699668028,4
b_baseline_interactions,1,2015,0.017819458612876985,6
b_baseline_interactions,1,2016,-0.004247133092717425,6
b_baseline_interactions,1,2017,,0
b_baseline_interactions,1,2018,0.01539046587130139,6
b_baseline_interactions,1,2019,0.01596106874706773,6
b_baseline_interactions,1,2020,,0
b_baseline_interactions,1,2021,0.007324633126673156,6
b_baseline_interactions,1,2022,,0
b_baseline_interactions,1,2023,0.007706768140587174,6
b_baseline_interactions,1,2024,,0
b_baseline_interactions,1,2025,0.022074243382729477,6
b_baseline_interactions,5,2013,,0
b_baseline_interactions,5,2014,0.008591939473445684,5
b_baseline_interactions,5,2015,0.001789403480724869,1
b_baseline_interactions,5,2016,-0.020212929280676997,6
b_baseline_interactions,5,2017,,0
b_baseline_interactions,5,2018,0.025498928870447222,6
b_baseline_interactions,5,2019,0.007411392367924759,6
b_baseline_interactions,5,2020,,0
b_baseline_interactions,5,2021,0.005501876006812227,6
b_baseline_interactions,5,2022,,0
b_baseline_interactions,5,2023,-0.0027554955938313467,6
b_baseline_interactions,5,2024,,0
b_baseline_interactions,5,2025,0.016145126516256356,6
c_pruned,1,2013,,0
c_pruned,1,2014,0.017745082500023157,16
c_pruned,1,2015,0.014346195878930294,18
c_pruned,1,2016,0.009097729672544706,49
c_pruned,1,2017,0.010422155849726071,10
c_pruned,1,2018,0.0024388818673054717,8
c_pruned,1,2019,0.010400154920839542,19
c_pruned,1,2020,0.009604730224703336,6
c_pruned,1,2021,0.0002955400478572773,85
c_pruned,1,2022,,0
c_pruned,1,2023,-0.0036728652496471445,40
c_pruned,1,2024,,0
c_pruned,1,2025,0.008242570985390888,25
c_pruned,5,2013,,0
c_pruned,5,2014,0.016455140582334788,10
c_pruned,5,2015,0.005186011441573605,4
c_pruned,5,2016,0.004185100443027836,26
c_pruned,5,2017,-0.0015030667550543497,4
c_pruned,5,2018,,0
c_pruned,5,2019,-0.0025632142974219597,19
c_pruned,5,2020,0.005270283311151876,2
c_pruned,5,2021,0.005601498173376642,46
c_pruned,5,2022,0.011088608747568186,5
c_pruned,5,2023,-0.007620760482152684,85
c_pruned,5,2024,,0
c_pruned,5,2025,0.005397556382524619,83
d_full_pool,1,2013,,0
d_full_pool,1,2014,0.0178626413500978,17
d_full_pool,1,2015,0.014119188508097005,20
d_full_pool,1,2016,0.00930325285198198,52
d_full_pool,1,2017,0.0104235491641372,10
d_full_pool,1,2018,0.002438936012204714,8
d_full_pool,1,2019,0.010512405600340016,22
d_full_pool,1,2020,0.009820251773350684,7
d_full_pool,1,2021,0.0005149324472755235,80
d_full_pool,1,2022,,0
d_full_pool,1,2023,-0.003375100775779005,39
d_full_pool,1,2024,,0
d_full_pool,1,2025,0.009378222016327676,26
d_full_pool,5,2013,,0
d_full_pool,5,2014,0.01365419401731061,10
d_full_pool,5,2015,0.004498170156757631,4
d_full_pool,5,2016,0.00423618795663284,29
d_full_pool,5,2017,-0.0012701179874599175,5
d_full_pool,5,2018,,0
d_full_pool,5,2019,-0.002474899262905796,20
d_full_pool,5,2020,0.010785838209767803,3
d_full_pool,5,2021,0.004801007112759627,40
d_full_pool,5,2022,,0
d_full_pool,5,2023,-0.005282592586801073,103
d_full_pool,5,2024,,0
d_full_pool,5,2025,0.008588189800414142,103
