config,scheme,test_year,pearson_ic,daily_spearman_ic,n_nonzero_coefs
a_baseline,rank,2013,,,0
a_baseline,standardize,2013,0.03629467562087795,0.015127263033997458,1
a_baseline,rank,2014,0.006618798750841628,0.008272832722784477,3
a_baseline,standardize,2014,0.0028402119919623266,0.013214615586295034,1
a_baseline,rank,2015,0.008861961159029418,0.01363269322359515,3
a_baseline,standardize,2015,,,0
a_baseline,rank,2016,-0.008708710497578981,-0.006631554452698753,3
a_baseline,standardize,2016,-0.006336603941180163,-0.000978555090596319,3
a_baseline,rank,2017,,,0
a_baseline,standardize,2017,,,0
a_baseline,rank,2018,0.007223909046533573,0.014357783283195459,3
a_baseline,standardize,2018,-0.0005274236830651875,0.006300644344530528,1
a_baseline,rank,2019,0.00047479207282153426,0.01514597805186607,3
a_baseline,standardize,2019,,,0
a_baseline,rank,2020,,,0
a_baseline,standardize,2020,0.009218458464130963,0.020110725833383792,1
a_baseline,rank,2021,-0.0011719257360125552,0.005096166025083215,3
a_baseline,standardize,2021,0.023569022061091738,0.02186268624986771,2
a_baseline,rank,2022,,,0
a_baseline,standardize,2022,-0.010794414124395846,0.00438157061330404,2
a_baseline,rank,2023,-0.0020257361037160264,0.009758693814431434,2
a_baseline,standardize,2023,,,0
a_baseline,rank,2024,,,0
a_baseline,standardize,2024,0.015746779562804156,0.01737275345704747,1
a_baseline,rank,2025,0.006988304514500641,0.022342616836866683,3
a_baseline,standardize,2025,0.02586432516907105,0.014118333768562601,1
c_pruned,rank,2013,,,0
c_pruned,standardize,2013,,,0
c_pruned,rank,2014,0.012968605451529999,0.017745082500023157,16
c_pruned,standardize,2014,0.013255232682201658,0.00556481256974743,1
c_pruned,rank,2015,0.009491348278669159,0.014346195878930294,18
c_pruned,standardize,2015,0.00924894427268765,-0.006366375093444276,1
c_pruned,rank,2016,0.005406432247133888,0.009097729672544706,49
c_pruned,standardize,2016,0.004843253436142074,0.023875510097920556,2
c_pruned,rank,2017,0.008353318451390432,0.010422155849726071,10
c_pruned,standardize,2017,0.008357615723365382,0.0067413667809615285,11
c_pruned,rank,2018,0.004779976661125055,0.0024388818673054717,8
c_pruned,standardize,2018,0.004835409363594133,-0.0019343965326726414,3
c_pruned,rank,2019,0.0057826697593049686,0.010400154920839542,19
c_pruned,standardize,2019,,,0
c_pruned,rank,2020,0.006593826626807097,0.009604730224703336,6
c_pruned,standardize,2020,-0.009287234794831093,-0.0029668931647067625,2
c_pruned,rank,2021,-0.001557754723917606,0.0002955400478572773,85
c_pruned,standardize,2021,0.016832583927371164,-0.0006466379938973577,84
c_pruned,rank,2022,,,0
c_pruned,standardize,2022,-0.006222575133222799,-0.012592840906795029,4
c_pruned,rank,2023,-0.006397658223673597,-0.0036728652496471445,40
c_pruned,standardize,2023,,,0
c_pruned,rank,2024,,,0
c_pruned,standardize,2024,0.0011511073382639186,-0.002261321122011884,5
c_pruned,rank,2025,0.002165228874270298,0.008242570985390888,25
c_pruned,standardize,2025,,,0
d_full_pool,rank,2013,,,0
d_full_pool,standardize,2013,,,0
d_full_pool,rank,2014,0.013014375773076696,0.0178626413500978,17
d_full_pool,standardize,2014,0.013255232682201658,0.00556481256974743,1
d_full_pool,rank,2015,0.009420269837492888,0.014119188508097005,20
d_full_pool,standardize,2015,0.00924894427268765,-0.006366375093444276,1
d_full_pool,rank,2016,0.005339110154920054,0.00930325285198198,52
d_full_pool,standardize,2016,0.004843253436142074,0.023875510097920556,2
d_full_pool,rank,2017,0.008353425947390022,0.0104235491641372,10
d_full_pool,standardize,2017,0.009217433911028182,0.007018729739587931,7
d_full_pool,rank,2018,0.004779972514990498,0.002438936012204714,8
d_full_pool,standardize,2018,0.004835409363594133,-0.0019343965326726414,3
d_full_pool,rank,2019,0.005914921267287944,0.010512405600340016,22
d_full_pool,standardize,2019,,,0
d_full_pool,rank,2020,0.006589081532937999,0.009820251773350684,7
d_full_pool,standardize,2020,-0.009287234794831093,-0.0029668931647067625,2
d_full_pool,rank,2021,-0.0017941753056569347,0.0005149324472755235,80
d_full_pool,standardize,2021,0.020024931452461578,-0.0014224902709607846,87
d_full_pool,rank,2022,,,0
d_full_pool,standardize,2022,-0.0066450361885267845,-0.007230743340451251,4
d_full_pool,rank,2023,-0.006229357405873621,-0.003375100775779005,39
d_full_pool,standardize,2023,,,0
d_full_pool,rank,2024,,,0
d_full_pool,standardize,2024,0.0002822731575578449,-0.0018202194338218295,5
d_full_pool,rank,2025,0.0025762279264587374,0.009378222016327676,26
d_full_pool,standardize,2025,,,0
