,kept_by_correlation_filter,kept_by_elastic_net_any_fold,mean_abs_coef
hl_range,True,True,0.00011162734525050198
alpha_073,True,True,7.233201023396065e-05
alpha_101,True,True,7.217782907893781e-05
alpha_042,True,True,6.6125800840448e-05
alpha_019,True,True,5.4326378992969286e-05
alpha_010,True,True,4.0694153504855095e-05
alpha_035,True,True,3.958467396766489e-05
close_loc,False,True,3.7712429335396296e-05
alpha_054,True,True,3.755714108925424e-05
alpha_011,True,True,3.498950797716102e-05
alpha_069,True,True,3.0747233330410476e-05
alpha_032,True,True,2.3045288933828415e-05
alpha_029,True,True,2.092918402396753e-05
vol_vs_mean21,True,True,2.0862825193458755e-05
alpha_072,True,True,1.8009798938493247e-05
mom_6_1,True,True,1.7483926585607356e-05
alpha_037,True,True,1.5818667586077276e-05
dist_52wk_high,True,True,1.5497927779797593e-05
alpha_052,True,True,1.5339971893298872e-05
alpha_030,True,True,1.5100125915980041e-05
alpha_034,True,True,1.4436579490339256e-05
alpha_016,True,True,1.4363469639644532e-05
alpha_092,True,True,1.3592592172679832e-05
alpha_063,True,True,1.2303812341689996e-05
alpha_075,True,True,1.1737872095110389e-05
parkinson_vol_21d,True,True,1.1205535284364343e-05
alpha_049,False,True,1.1093647311893693e-05
alpha_055,True,True,1.1012681913453019e-05
vol_of_vol_63d,True,True,1.0476452991994402e-05
alpha_025,True,True,1.035917710668034e-05
alpha_084,True,True,1.035677987457543e-05
alpha_005,True,True,9.953040569604645e-06
alpha_018,True,True,9.724904805785045e-06
alpha_078,True,True,9.618631525362034e-06
alpha_023,True,True,9.588142597906889e-06
alpha_051,True,True,9.499940664159435e-06
alpha_041,False,True,9.420609055062209e-06
alpha_062,True,True,8.58756888131358e-06
max_ret_21d,False,True,8.451781005746552e-06
alpha_039,True,True,8.277775802647537e-06
alpha_027,True,True,8.16830154813865e-06
alpha_056,True,True,7.544928923041296e-06
alpha_003,True,True,7.167869204932196e-06
alpha_036,True,True,7.127764466013843e-06
alpha_020,False,True,6.691851699798363e-06
alpha_022,True,True,6.429010799657887e-06
mom_63,True,True,6.169613415197475e-06
alpha_028,True,True,5.71123446201065e-06
alpha_086,True,True,5.576102164488493e-06
alpha_014,True,True,5.342767513516244e-06
alpha_060,False,True,5.202045535412568e-06
alpha_017,True,True,5.167684164485762e-06
alpha_044,True,True,4.983002980726419e-06
alpha_053,True,True,4.569303157729659e-06
alpha_026,True,True,4.225281217864142e-06
alpha_033,False,True,4.142173609138782e-06
alpha_099,True,True,4.03243589611964e-06
overnight_gap,True,True,3.942737983631559e-06
alpha_065,True,True,3.884047199390313e-06
oc_ret,False,True,3.393666807786499e-06
alpha_021,True,True,3.0589596826904093e-06
alpha_094,True,True,3.0225062373267548e-06
dollar_vol_rank,False,True,3.014853732399617e-06
alpha_057,False,True,2.9183071656764114e-06
alpha_008,True,True,2.8301869600607464e-06
alpha_047,False,True,2.7749363346464367e-06
alpha_091,True,True,2.679373004121592e-06
alpha_070,True,True,2.4861021894897494e-06
alpha_093,True,True,2.410769333677366e-06
vol_21d,False,True,2.3868408961024477e-06
alpha_077,True,True,2.386767524988483e-06
alpha_045,True,True,1.7255899374263454e-06
alpha_068,True,True,1.6456764962641782e-06
alpha_071,True,True,1.3404307678974183e-06
alpha_087,True,True,1.3363560236178022e-06
alpha_064,True,True,1.2515289043914254e-06
alpha_002,True,True,1.0773212824700518e-06
alpha_001,True,True,1.072957218808374e-06
alpha_080,True,True,9.021851186728114e-07
alpha_015,True,True,8.63514189353623e-07
alpha_095,True,True,7.829622974753564e-07
ret_21d,True,True,7.422156950069594e-07
alpha_043,True,True,6.256389540537641e-07
alpha_085,True,True,5.673653009991058e-07
alpha_024,True,True,5.352624053369318e-07
alpha_098,True,True,4.781771254609125e-07
amihud_21d,True,True,3.8991712041592226e-07
alpha_004,True,True,3.54141905611175e-07
alpha_088,True,True,1.3669579115180038e-07
alpha_046,True,True,5.037400793006875e-08
alpha_031,True,True,4.2170937553705217e-08
alpha_050,True,False,0.0
alpha_006,False,False,0.0
alpha_007,True,False,0.0
alpha_061,True,False,0.0
alpha_081,True,False,0.0
alpha_009,False,False,0.0
alpha_013,False,False,0.0
alpha_083,True,False,0.0
alpha_040,False,False,0.0
alpha_074,True,False,0.0
alpha_038,False,False,0.0
alpha_012,False,False,0.0
